{
  "quickadd:choice:c9460072-c1ad-4fb8-ba4d-5e5a8cdfb427": [
    {
      "modifiers": [
        "Alt"
      ],
      "key": "1"
    }
  ],
  "templater-obsidian:jump-to-next-cursor-location": [
    {
      "modifiers": [
        "Shift"
      ],
      "key": "Enter"
    }
  ],
  "easy-typing-obsidian:easy-typing-format-switch": [],
  "theme:use-light": [
    {
      "modifiers": [
        "Alt",
        "Mod"
      ],
      "key": "1"
    }
  ],
  "theme:use-dark": [
    {
      "modifiers": [
        "Alt",
        "Mod"
      ],
      "key": "2"
    }
  ],
  "obsidian-emoji-toolbar:emoji-picker:open-picker": [
    {
      "modifiers": [
        "Alt"
      ],
      "key": "T"
    }
  ]
}