{
  "main": {
    "id": "9332bc220cac6053",
    "type": "split",
    "children": [
      {
        "id": "0bd557393dd13af2",
        "type": "tabs",
        "children": [
          {
            "id": "23b5b3806ded1fea",
            "type": "leaf",
            "state": {
              "type": "markdown",
              "state": {
                "file": "工具使用教程/科学上网工具-Clash.md",
                "mode": "source",
                "source": false
              }
            }
          }
        ]
      }
    ],
    "direction": "vertical"
  },
  "left": {
    "id": "43ea010fe6701604",
    "type": "split",
    "children": [
      {
        "id": "016756ebe77c25a2",
        "type": "tabs",
        "dimension": 48.669201520912544,
        "children": [
          {
            "id": "ac4f972ab92c80a5",
            "type": "leaf",
            "state": {
              "type": "file-explorer",
              "state": {
                "sortOrder": "alphabetical"
              }
            }
          },
          {
            "id": "73f9ab85501ba12d",
            "type": "leaf",
            "state": {
              "type": "bookmarks",
              "state": {}
            }
          }
        ]
      },
      {
        "id": "8546d62bf2d2b98d",
        "type": "tabs",
        "dimension": 51.330798479087456,
        "children": [
          {
            "id": "5a0da63c7804125f",
            "type": "leaf",
            "state": {
              "type": "recent-files",
              "state": {}
            }
          },
          {
            "id": "a65ee5616f1d6166",
            "type": "leaf",
            "state": {
              "type": "search",
              "state": {
                "query": "科学上网",
                "matchingCase": false,
                "explainSearch": false,
                "collapseAll": false,
                "extraContext": true,
                "sortOrder": "alphabetical"
              }
            }
          }
        ],
        "currentTab": 1
      }
    ],
    "direction": "horizontal",
    "width": 235.5
  },
  "right": {
    "id": "696fc1bb3131c6d6",
    "type": "split",
    "children": [
      {
        "id": "4818760ed358c264",
        "type": "tabs",
        "dimension": 57.25646123260437,
        "children": [
          {
            "id": "06b6d5da3aaae40f",
            "type": "leaf",
            "state": {
              "type": "quiet-outline",
              "state": {}
            }
          },
          {
            "id": "7213ee7fd1b7c48a",
            "type": "leaf",
            "state": {
              "type": "all-properties",
              "state": {
                "sortOrder": "frequency",
                "showSearch": false,
                "searchQuery": ""
              }
            }
          },
          {
            "id": "85276eb7be25edcb",
            "type": "leaf",
            "state": {
              "type": "advanced-tables-toolbar",
              "state": {}
            }
          },
          {
            "id": "edc247614d48dba8",
            "type": "leaf",
            "state": {
              "type": "outline",
              "state": {
                "file": "工具使用教程/科学上网工具-Clash.md"
              }
            }
          }
        ]
      },
      {
        "id": "9d87cfd00c976a7d",
        "type": "tabs",
        "dimension": 42.74353876739563,
        "children": [
          {
            "id": "da8100d39ca62a69",
            "type": "leaf",
            "state": {
              "type": "tag",
              "state": {
                "sortOrder": "alphabetical",
                "useHierarchy": true
              }
            }
          },
          {
            "id": "f92db03a966c88cc",
            "type": "leaf",
            "state": {
              "type": "backlink",
              "state": {
                "file": "工具使用教程/科学上网工具-Clash.md",
                "collapseAll": false,
                "extraContext": false,
                "sortOrder": "alphabetical",
                "showSearch": false,
                "searchQuery": "",
                "backlinkCollapsed": false,
                "unlinkedCollapsed": true
              }
            }
          },
          {
            "id": "854f44681b73905b",
            "type": "leaf",
            "state": {
              "type": "outgoing-link",
              "state": {
                "file": "工具使用教程/科学上网工具-Clash.md",
                "linksCollapsed": false,
                "unlinkedCollapsed": true
              }
            }
          }
        ]
      }
    ],
    "direction": "horizontal",
    "width": 305.5
  },
  "left-ribbon": {
    "hiddenItems": {
      "switcher:打开快速切换": false,
      "graph:查看关系图谱": false,
      "daily-notes:打开/创建今天的日记": false,
      "command-palette:打开命令面板": false,
      "audio-recorder:开始/结束录音": false,
      "workspaces:管理工作区布局": false,
      "templater-obsidian:Templater": false,
      "obsidian-excalidraw-plugin:新建 Excalidraw 绘图": false,
      "remotely-save:Remotely Save": false,
      "table-editor-obsidian:Advanced Tables Toolbar": false
    }
  },
  "active": "23b5b3806ded1fea",
  "lastOpenFiles": [
    "工具使用教程/000-工具大纲.md",
    "工具使用教程/Zotero One插件.md",
    "工具使用教程/Zotero教程.md",
    "工具使用教程/Obsidian的同步与备份.md",
    "工具使用教程/Obsidian教程.md",
    "工具使用教程/科学上网工具-Clash.md",
    "工具使用教程/Keil Assistant插件.md",
    "工具使用教程/代码编辑器-VSCode.md",
    "嵌入式/MOS管.md",
    "嵌入式/MOS管.md.baiduyun.uploading.cfg",
    "嵌入式/嵌入式基础.md",
    "嵌入式/高阻态.md",
    "Zotero/Zotero笔记/正点原子_[正点] HAL视频库教程文档-入门篇_KEY-PCT9BRW3.md.baiduyun.uploading.cfg",
    "嵌入式/高阻态.md.baiduyun.uploading.cfg",
    "嵌入式/嵌入式基础.md.baiduyun.uploading.cfg",
    "嵌入式/000-嵌入式大纲.md",
    "工具使用教程/代码编辑器-VSCode.md.baiduyun.uploading.cfg",
    "工具使用教程/Keil Assistant插件.md.baiduyun.uploading.cfg",
    "编程学习/extern用法.md",
    "编程学习/extern用法.md.baiduyun.uploading.cfg",
    "编程学习/C语言教程.md.baiduyun.uploading.cfg",
    "Zotero/Zotero笔记/正点原子_[正点] STM32F103 战舰开发指南V1.3_KEY-L2DMGSFC.md.baiduyun.uploading.cfg",
    "编程学习/C语言教程.md",
    "编程学习/000-编程学习大纲.md",
    "编程学习/预处理命令.md",
    "编程学习/预处理命令.md.baiduyun.uploading.cfg",
    "编程学习/函数指针与函数回调.md",
    "编程学习/C++基础入门.md",
    "工具使用教程/MDK 工具.md",
    "生活/宝居.md",
    "嵌入式/最小系统.md",
    "嵌入式/野火stm32.md",
    "Zotero/Zotero笔记/STM32F103xCDE_数据手册-中文_KEY-JRL2LPUB.md",
    "Zotero/Zotero笔记/正点原子_[正点] STM32F103 战舰开发指南V1.3_KEY-L2DMGSFC.md",
    "嵌入式/串口通信与波特率.md",
    "编程学习/计算机组成原理.md",
    "编程学习/附件/JDBC/jdbc_1/证件照.png",
    "编程学习/附件/JDBC/jdbc_1/朱茵.jpg",
    "编程学习/附件/jdbc_1/证件照.png",
    "编程学习/附件/jdbc_1/朱茵.jpg",
    "Excalidraw/附件/Pasted Image 20231025140651_446.png",
    "Excalidraw/附件/Pasted Image 20231025140329_861.png",
    "Excalidraw/附件/Pasted Image 20231004144524_694.jpg",
    "Excalidraw/附件/Pasted Image 20231004144508_669.jpg",
    "Excalidraw/附件/Pasted Image 20231004144453_642.jpg",
    "Excalidraw/附件/Pasted Image 20231004144226_284.jpg",
    "未命名.canvas",
    "未命名 2.canvas",
    "未命名 1.canvas"
  ]
}