{
  "workspaces": {
    "one": {
      "main": {
        "id": "9332bc220cac6053",
        "type": "split",
        "children": [
          {
            "id": "235e8d9ea1fabf6b",
            "type": "tabs",
            "children": [
              {
                "id": "6ace7ea738c4123c",
                "type": "leaf",
                "state": {
                  "type": "markdown",
                  "state": {
                    "file": "Obsidian教程/基本操作.md",
                    "mode": "source",
                    "source": false
                  }
                }
              }
            ]
          }
        ],
        "direction": "vertical"
      },
      "left": {
        "id": "43ea010fe6701604",
        "type": "split",
        "children": [
          {
            "id": "016756ebe77c25a2",
            "type": "tabs",
            "children": [
              {
                "id": "ac4f972ab92c80a5",
                "type": "leaf",
                "state": {
                  "type": "file-explorer",
                  "state": {
                    "sortOrder": "alphabetical"
                  }
                }
              },
              {
                "id": "a65ee5616f1d6166",
                "type": "leaf",
                "state": {
                  "type": "search",
                  "state": {
                    "query": "",
                    "matchingCase": false,
                    "explainSearch": false,
                    "collapseAll": false,
                    "extraContext": false,
                    "sortOrder": "alphabetical"
                  }
                }
              },
              {
                "id": "73f9ab85501ba12d",
                "type": "leaf",
                "state": {
                  "type": "bookmarks",
                  "state": {}
                }
              },
              {
                "id": "5a0da63c7804125f",
                "type": "leaf",
                "state": {
                  "type": "recent-files",
                  "state": {}
                }
              }
            ]
          }
        ],
        "direction": "horizontal",
        "width": 284.5
      },
      "right": {
        "id": "696fc1bb3131c6d6",
        "type": "split",
        "children": [
          {
            "id": "4818760ed358c264",
            "type": "tabs",
            "children": [
              {
                "id": "f92db03a966c88cc",
                "type": "leaf",
                "state": {
                  "type": "backlink",
                  "state": {
                    "file": "Obsidian教程/基本操作.md",
                    "collapseAll": false,
                    "extraContext": false,
                    "sortOrder": "alphabetical",
                    "showSearch": false,
                    "searchQuery": "",
                    "backlinkCollapsed": false,
                    "unlinkedCollapsed": true
                  }
                }
              },
              {
                "id": "854f44681b73905b",
                "type": "leaf",
                "state": {
                  "type": "outgoing-link",
                  "state": {
                    "file": "Obsidian教程/基本操作.md",
                    "linksCollapsed": false,
                    "unlinkedCollapsed": false
                  }
                }
              },
              {
                "id": "da8100d39ca62a69",
                "type": "leaf",
                "state": {
                  "type": "tag",
                  "state": {
                    "sortOrder": "frequency",
                    "useHierarchy": true
                  }
                }
              },
              {
                "id": "f5678c183e8ff9ba",
                "type": "leaf",
                "state": {
                  "type": "outline",
                  "state": {
                    "file": "Obsidian教程/基本操作.md"
                  }
                }
              }
            ],
            "currentTab": 3
          }
        ],
        "direction": "horizontal",
        "width": 300,
        "collapsed": true
      },
      "left-ribbon": {
        "hiddenItems": {
          "switcher:打开快速切换": false,
          "graph:查看关系图谱": false,
          "canvas:新建白板": false,
          "daily-notes:打开/创建今天的日记": false,
          "command-palette:打开命令面板": false,
          "audio-recorder:开始/结束录音": false,
          "workspaces:管理工作区布局": false,
          "templates:插入模板": false
        }
      },
      "active": "6ace7ea738c4123c"
    },
    "two": {
      "main": {
        "id": "9332bc220cac6053",
        "type": "split",
        "children": [
          {
            "id": "235e8d9ea1fabf6b",
            "type": "tabs",
            "children": [
              {
                "id": "6ace7ea738c4123c",
                "type": "leaf",
                "state": {
                  "type": "markdown",
                  "state": {
                    "file": "Obsidian教程/基本操作.md",
                    "mode": "source",
                    "source": false
                  }
                }
              }
            ]
          },
          {
            "id": "545859c334e8bdff",
            "type": "tabs",
            "children": [
              {
                "id": "0f1f54d84c5c1b52",
                "type": "leaf",
                "state": {
                  "type": "markdown",
                  "state": {
                    "file": "未命名/测试1.md",
                    "mode": "source",
                    "source": false
                  }
                }
              }
            ]
          }
        ],
        "direction": "vertical"
      },
      "left": {
        "id": "43ea010fe6701604",
        "type": "split",
        "children": [
          {
            "id": "016756ebe77c25a2",
            "type": "tabs",
            "children": [
              {
                "id": "ac4f972ab92c80a5",
                "type": "leaf",
                "state": {
                  "type": "file-explorer",
                  "state": {
                    "sortOrder": "alphabetical"
                  }
                }
              },
              {
                "id": "a65ee5616f1d6166",
                "type": "leaf",
                "state": {
                  "type": "search",
                  "state": {
                    "query": "",
                    "matchingCase": false,
                    "explainSearch": false,
                    "collapseAll": false,
                    "extraContext": false,
                    "sortOrder": "alphabetical"
                  }
                }
              },
              {
                "id": "73f9ab85501ba12d",
                "type": "leaf",
                "state": {
                  "type": "bookmarks",
                  "state": {}
                }
              },
              {
                "id": "5a0da63c7804125f",
                "type": "leaf",
                "state": {
                  "type": "recent-files",
                  "state": {}
                }
              }
            ]
          }
        ],
        "direction": "horizontal",
        "width": 284.5
      },
      "right": {
        "id": "696fc1bb3131c6d6",
        "type": "split",
        "children": [
          {
            "id": "4818760ed358c264",
            "type": "tabs",
            "children": [
              {
                "id": "f92db03a966c88cc",
                "type": "leaf",
                "state": {
                  "type": "backlink",
                  "state": {
                    "file": "未命名/测试1.md",
                    "collapseAll": false,
                    "extraContext": false,
                    "sortOrder": "alphabetical",
                    "showSearch": false,
                    "searchQuery": "",
                    "backlinkCollapsed": false,
                    "unlinkedCollapsed": true
                  }
                }
              },
              {
                "id": "854f44681b73905b",
                "type": "leaf",
                "state": {
                  "type": "outgoing-link",
                  "state": {
                    "file": "未命名/测试1.md",
                    "linksCollapsed": false,
                    "unlinkedCollapsed": false
                  }
                }
              },
              {
                "id": "da8100d39ca62a69",
                "type": "leaf",
                "state": {
                  "type": "tag",
                  "state": {
                    "sortOrder": "frequency",
                    "useHierarchy": true
                  }
                }
              },
              {
                "id": "f5678c183e8ff9ba",
                "type": "leaf",
                "state": {
                  "type": "outline",
                  "state": {
                    "file": "未命名/测试1.md"
                  }
                }
              }
            ],
            "currentTab": 3
          }
        ],
        "direction": "horizontal",
        "width": 300,
        "collapsed": true
      },
      "left-ribbon": {
        "hiddenItems": {
          "switcher:打开快速切换": false,
          "graph:查看关系图谱": false,
          "canvas:新建白板": false,
          "daily-notes:打开/创建今天的日记": false,
          "command-palette:打开命令面板": false,
          "audio-recorder:开始/结束录音": false,
          "workspaces:管理工作区布局": false,
          "templates:插入模板": false
        }
      },
      "active": "0f1f54d84c5c1b52"
    },
    "three": {
      "main": {
        "id": "9332bc220cac6053",
        "type": "split",
        "children": [
          {
            "id": "235e8d9ea1fabf6b",
            "type": "tabs",
            "children": [
              {
                "id": "6ace7ea738c4123c",
                "type": "leaf",
                "state": {
                  "type": "markdown",
                  "state": {
                    "file": "Obsidian教程/基本操作.md",
                    "mode": "source",
                    "source": false
                  }
                }
              }
            ]
          },
          {
            "id": "b7fed0c953034e63",
            "type": "split",
            "children": [
              {
                "id": "545859c334e8bdff",
                "type": "tabs",
                "children": [
                  {
                    "id": "0f1f54d84c5c1b52",
                    "type": "leaf",
                    "state": {
                      "type": "markdown",
                      "state": {
                        "file": "未命名/测试1.md",
                        "mode": "source",
                        "source": false
                      }
                    }
                  }
                ]
              },
              {
                "id": "c695f8241f9b34ad",
                "type": "tabs",
                "children": [
                  {
                    "id": "6be249da6af322fa",
                    "type": "leaf",
                    "state": {
                      "type": "markdown",
                      "state": {
                        "file": "未命名/测试2.md",
                        "mode": "source",
                        "source": false
                      }
                    }
                  }
                ]
              }
            ],
            "direction": "horizontal"
          }
        ],
        "direction": "vertical"
      },
      "left": {
        "id": "43ea010fe6701604",
        "type": "split",
        "children": [
          {
            "id": "016756ebe77c25a2",
            "type": "tabs",
            "children": [
              {
                "id": "ac4f972ab92c80a5",
                "type": "leaf",
                "state": {
                  "type": "file-explorer",
                  "state": {
                    "sortOrder": "alphabetical"
                  }
                }
              },
              {
                "id": "a65ee5616f1d6166",
                "type": "leaf",
                "state": {
                  "type": "search",
                  "state": {
                    "query": "",
                    "matchingCase": false,
                    "explainSearch": false,
                    "collapseAll": false,
                    "extraContext": false,
                    "sortOrder": "alphabetical"
                  }
                }
              },
              {
                "id": "73f9ab85501ba12d",
                "type": "leaf",
                "state": {
                  "type": "bookmarks",
                  "state": {}
                }
              },
              {
                "id": "5a0da63c7804125f",
                "type": "leaf",
                "state": {
                  "type": "recent-files",
                  "state": {}
                }
              }
            ]
          }
        ],
        "direction": "horizontal",
        "width": 284.5
      },
      "right": {
        "id": "696fc1bb3131c6d6",
        "type": "split",
        "children": [
          {
            "id": "4818760ed358c264",
            "type": "tabs",
            "children": [
              {
                "id": "f92db03a966c88cc",
                "type": "leaf",
                "state": {
                  "type": "backlink",
                  "state": {
                    "file": "未命名/测试2.md",
                    "collapseAll": false,
                    "extraContext": false,
                    "sortOrder": "alphabetical",
                    "showSearch": false,
                    "searchQuery": "",
                    "backlinkCollapsed": false,
                    "unlinkedCollapsed": true
                  }
                }
              },
              {
                "id": "854f44681b73905b",
                "type": "leaf",
                "state": {
                  "type": "outgoing-link",
                  "state": {
                    "file": "未命名/测试2.md",
                    "linksCollapsed": false,
                    "unlinkedCollapsed": false
                  }
                }
              },
              {
                "id": "da8100d39ca62a69",
                "type": "leaf",
                "state": {
                  "type": "tag",
                  "state": {
                    "sortOrder": "frequency",
                    "useHierarchy": true
                  }
                }
              },
              {
                "id": "f5678c183e8ff9ba",
                "type": "leaf",
                "state": {
                  "type": "outline",
                  "state": {
                    "file": "未命名/测试2.md"
                  }
                }
              }
            ],
            "currentTab": 3
          }
        ],
        "direction": "horizontal",
        "width": 300,
        "collapsed": true
      },
      "left-ribbon": {
        "hiddenItems": {
          "switcher:打开快速切换": false,
          "graph:查看关系图谱": false,
          "canvas:新建白板": false,
          "daily-notes:打开/创建今天的日记": false,
          "command-palette:打开命令面板": false,
          "audio-recorder:开始/结束录音": false,
          "workspaces:管理工作区布局": false,
          "templates:插入模板": false
        }
      },
      "active": "6be249da6af322fa"
    },
    "工作空间": {
      "main": {
        "id": "9332bc220cac6053",
        "type": "split",
        "children": [
          {
            "id": "235e8d9ea1fabf6b",
            "type": "tabs",
            "children": [
              {
                "id": "689ea403d0ef690c",
                "type": "leaf",
                "state": {
                  "type": "markdown",
                  "state": {
                    "file": "生活/生活大纲.md",
                    "mode": "source",
                    "source": false
                  }
                }
              }
            ]
          },
          {
            "id": "6977d8edbfca326d",
            "type": "tabs",
            "children": [
              {
                "id": "f2cb41d0c8ee68e7",
                "type": "leaf",
                "state": {
                  "type": "markdown",
                  "state": {
                    "file": "工作/工作大纲.md",
                    "mode": "source",
                    "source": false
                  }
                }
              }
            ]
          }
        ],
        "direction": "vertical"
      },
      "left": {
        "id": "43ea010fe6701604",
        "type": "split",
        "children": [
          {
            "id": "016756ebe77c25a2",
            "type": "tabs",
            "children": [
              {
                "id": "ac4f972ab92c80a5",
                "type": "leaf",
                "state": {
                  "type": "file-explorer",
                  "state": {
                    "sortOrder": "alphabetical"
                  }
                }
              },
              {
                "id": "a65ee5616f1d6166",
                "type": "leaf",
                "state": {
                  "type": "search",
                  "state": {
                    "query": "",
                    "matchingCase": false,
                    "explainSearch": false,
                    "collapseAll": false,
                    "extraContext": false,
                    "sortOrder": "alphabetical"
                  }
                }
              },
              {
                "id": "73f9ab85501ba12d",
                "type": "leaf",
                "state": {
                  "type": "bookmarks",
                  "state": {}
                }
              },
              {
                "id": "5a0da63c7804125f",
                "type": "leaf",
                "state": {
                  "type": "recent-files",
                  "state": {}
                }
              }
            ]
          }
        ],
        "direction": "horizontal",
        "width": 284.5
      },
      "right": {
        "id": "696fc1bb3131c6d6",
        "type": "split",
        "children": [
          {
            "id": "4818760ed358c264",
            "type": "tabs",
            "children": [
              {
                "id": "f92db03a966c88cc",
                "type": "leaf",
                "state": {
                  "type": "backlink",
                  "state": {
                    "file": "工作/工作大纲.md",
                    "collapseAll": false,
                    "extraContext": false,
                    "sortOrder": "alphabetical",
                    "showSearch": false,
                    "searchQuery": "",
                    "backlinkCollapsed": false,
                    "unlinkedCollapsed": true
                  }
                }
              },
              {
                "id": "854f44681b73905b",
                "type": "leaf",
                "state": {
                  "type": "outgoing-link",
                  "state": {
                    "file": "工作/工作大纲.md",
                    "linksCollapsed": false,
                    "unlinkedCollapsed": false
                  }
                }
              },
              {
                "id": "da8100d39ca62a69",
                "type": "leaf",
                "state": {
                  "type": "tag",
                  "state": {
                    "sortOrder": "frequency",
                    "useHierarchy": true
                  }
                }
              },
              {
                "id": "f5678c183e8ff9ba",
                "type": "leaf",
                "state": {
                  "type": "outline",
                  "state": {
                    "file": "工作/工作大纲.md"
                  }
                }
              }
            ],
            "currentTab": 3
          }
        ],
        "direction": "horizontal",
        "width": 300,
        "collapsed": true
      },
      "left-ribbon": {
        "hiddenItems": {
          "switcher:打开快速切换": false,
          "graph:查看关系图谱": false,
          "canvas:新建白板": false,
          "daily-notes:打开/创建今天的日记": false,
          "command-palette:打开命令面板": false,
          "audio-recorder:开始/结束录音": false,
          "workspaces:管理工作区布局": false,
          "templates:插入模板": false
        }
      },
      "active": "f2cb41d0c8ee68e7"
    },
    "非谓语动词": {
      "main": {
        "id": "9332bc220cac6053",
        "type": "split",
        "children": [
          {
            "id": "97f7bbc1d1e9043d",
            "type": "tabs",
            "dimension": 63.506711409395976,
            "children": [
              {
                "id": "e1d6411a222c18ea",
                "type": "leaf",
                "state": {
                  "type": "media-view",
                  "state": {
                    "file": "Vedio/英语学习视频/英语语法/6-非谓语动词.mp4",
                    "info": {
                      "type": "video",
                      "filename": "6-非谓语动词.mp4",
                      "src": "Vedio/英语学习视频/英语语法/6-非谓语动词.mp4",
                      "subtitles": [],
                      "hash": ""
                    },
                    "currentTime": 1584.021311
                  }
                }
              }
            ]
          },
          {
            "id": "0c89ff86e35deea8",
            "type": "tabs",
            "dimension": 36.49328859060403,
            "children": [
              {
                "id": "947b8fd0df000171",
                "type": "leaf",
                "state": {
                  "type": "markdown",
                  "state": {
                    "file": "英语学习/语法学习.md",
                    "mode": "source",
                    "source": false
                  }
                }
              }
            ]
          }
        ],
        "direction": "vertical"
      },
      "left": {
        "id": "43ea010fe6701604",
        "type": "split",
        "children": [
          {
            "id": "016756ebe77c25a2",
            "type": "tabs",
            "children": [
              {
                "id": "ac4f972ab92c80a5",
                "type": "leaf",
                "state": {
                  "type": "file-explorer",
                  "state": {
                    "sortOrder": "alphabetical"
                  }
                }
              },
              {
                "id": "a65ee5616f1d6166",
                "type": "leaf",
                "state": {
                  "type": "search",
                  "state": {
                    "query": "",
                    "matchingCase": false,
                    "explainSearch": false,
                    "collapseAll": false,
                    "extraContext": false,
                    "sortOrder": "alphabetical"
                  }
                }
              },
              {
                "id": "73f9ab85501ba12d",
                "type": "leaf",
                "state": {
                  "type": "bookmarks",
                  "state": {}
                }
              },
              {
                "id": "5a0da63c7804125f",
                "type": "leaf",
                "state": {
                  "type": "recent-files",
                  "state": {}
                }
              }
            ]
          }
        ],
        "direction": "horizontal",
        "width": 284.5,
        "collapsed": true
      },
      "right": {
        "id": "696fc1bb3131c6d6",
        "type": "split",
        "children": [
          {
            "id": "4818760ed358c264",
            "type": "tabs",
            "children": [
              {
                "id": "f92db03a966c88cc",
                "type": "leaf",
                "state": {
                  "type": "backlink",
                  "state": {
                    "file": "Vedio/英语学习视频/英语语法/6-非谓语动词.mp4",
                    "collapseAll": false,
                    "extraContext": false,
                    "sortOrder": "alphabetical",
                    "showSearch": false,
                    "searchQuery": "",
                    "backlinkCollapsed": false,
                    "unlinkedCollapsed": true
                  }
                }
              },
              {
                "id": "854f44681b73905b",
                "type": "leaf",
                "state": {
                  "type": "outgoing-link",
                  "state": {
                    "file": "Vedio/英语学习视频/英语语法/6-非谓语动词.mp4",
                    "linksCollapsed": false,
                    "unlinkedCollapsed": true
                  }
                }
              },
              {
                "id": "da8100d39ca62a69",
                "type": "leaf",
                "state": {
                  "type": "tag",
                  "state": {
                    "sortOrder": "frequency",
                    "useHierarchy": true
                  }
                }
              },
              {
                "id": "f5678c183e8ff9ba",
                "type": "leaf",
                "state": {
                  "type": "outline",
                  "state": {
                    "file": "Vedio/英语学习视频/英语语法/6-非谓语动词.mp4"
                  }
                }
              }
            ],
            "currentTab": 3
          }
        ],
        "direction": "horizontal",
        "width": 299.5,
        "collapsed": true
      },
      "left-ribbon": {
        "hiddenItems": {
          "switcher:打开快速切换": false,
          "graph:查看关系图谱": false,
          "canvas:新建白板": false,
          "daily-notes:打开/创建今天的日记": false,
          "command-palette:打开命令面板": false,
          "audio-recorder:开始/结束录音": false,
          "workspaces:管理工作区布局": false,
          "templater-obsidian:Templater": false
        }
      },
      "active": "e1d6411a222c18ea"
    }
  },
  "active": "非谓语动词"
}